CareerUrl,Title,CollegeName,Contact,Country,CollegeUrl
https://web.ucenm.net/derecho-procesal-civil/,Derecho Procesal Civil              ,Universidad Cristiana Evanǵelica Nuevo Milenio,"Contactos: jgalvez@ucenm.net
dtabora@ucenm.net",Honduras,https://web.ucenm.net/
https://web.ucenm.net/psicologia-clinica/,Psicología Clínica,Universidad Cristiana Evanǵelica Nuevo Milenio,"Contactos: jgalvez@ucenm.net i.donaire@ucenm.net
",Honduras,https://web.ucenm.net/
https://web.ucenm.net/gerencia-empresarial/,Gerencia Empresarial,Universidad Cristiana Evanǵelica Nuevo Milenio,"Contactos: jgalvez@ucenm.net
",Honduras,https://web.ucenm.net/
https://web.ucenm.net/derecho-procesal-penal/,Derecho Procesal Penal,Universidad Cristiana Evanǵelica Nuevo Milenio,"Contactos: jgalvez@ucenm.net dtabora@ucenm.net

",Honduras,https://web.ucenm.net/
https://web.ucenm.net/salud-ocupacional/,Salud Ocupacional             ,Universidad Cristiana Evanǵelica Nuevo Milenio,"Contactos: jgalvez@ucenm.net
belinda.alberty@ucenm.net",Honduras,https://web.ucenm.net/
https://web.ucenm.net/gestion-de-empresas-agropecuarias/,Gestión De Empresas Agropecuarias,Universidad Cristiana Evanǵelica Nuevo Milenio,"Contactos: jgalvez@ucenm.net 
",Honduras,https://web.ucenm.net/
https://web.ucenm.net/maestria-en-administracion-y-desarrollo-empresarial/,Administración Y Desarrollo Empresarial,Universidad Cristiana Evanǵelica Nuevo Milenio,"Contactos: jgalvez@ucenm.net
",Honduras,https://web.ucenm.net/
https://web.ucenm.net/administracion-maritima-portuaria/,Administración Marítima Portuaria,Universidad Cristiana Evanǵelica Nuevo Milenio,"Contactos: jgalvez@ucenm.net 
",Honduras,https://web.ucenm.net/
https://web.ucenm.net/administracion-y-desarrollo-empresarial/,Administración Y Desarrollo Empresarial,Universidad Cristiana Evanǵelica Nuevo Milenio,"Contactos: 
r.rivera@ucenm.net",Honduras,https://web.ucenm.net/
https://web.ucenm.net/ingenieria-en-sistemas/,Ingeniería En Sistemas ,Universidad Cristiana Evanǵelica Nuevo Milenio,"Contactos:
selvin.lopez@ucenm.net
",Honduras,https://web.ucenm.net/
https://web.ucenm.net/carrera-salud-comunitaria/,"
                    Salud Comunitaria                ",Universidad Cristiana Evanǵelica Nuevo Milenio,"Contactos: belinda.alberty@ucenm.net
",Honduras,https://web.ucenm.net/
https://web.ucenm.net/gestion-portuaria-y-transporte-maritimo/,Gestión Portuaria Y Tranporte Marítimo,Universidad Cristiana Evanǵelica Nuevo Milenio,"Contactos: aunner.valle@ucenm.net


",Honduras,https://web.ucenm.net/
https://web.ucenm.net/mercadotecnia/,Mercadotecnia,Universidad Cristiana Evanǵelica Nuevo Milenio,"Contactos: r.rivera@ucenm.net

",Honduras,https://web.ucenm.net/
https://web.ucenm.net/carrera-derecho,Derecho,Universidad Cristiana Evanǵelica Nuevo Milenio,"Contactos: dtabora@ucenm.net

",Honduras,https://web.ucenm.net/
https://web.ucenm.net/nutricion/,Nutrición,Universidad Cristiana Evanǵelica Nuevo Milenio,"Contactos: a.romero@ucenm.net

",Honduras,https://web.ucenm.net/
https://web.ucenm.net/teologia/,Teología,Universidad Cristiana Evanǵelica Nuevo Milenio,"Contactos: cmolina@ucenm.net

",Honduras,https://web.ucenm.net/
https://web.ucenm.net/carrera-psicologia/,Psicología,Universidad Cristiana Evanǵelica Nuevo Milenio,"Contactos: i.donaire@ucenm.net

",Honduras,https://web.ucenm.net/
https://web.ucenm.net/carrera-laboratorio-clinico,Laboratorio Clínico,Universidad Cristiana Evanǵelica Nuevo Milenio,"Contactos: 
m.godoy@ucenm.net
",Honduras,https://web.ucenm.net/
https://web.ucenm.net/logistica-y-operaciones-portuarias/,Logística Y Operaciones Portuarias,Universidad Cristiana Evanǵelica Nuevo Milenio,"Contactos: aunner.valle@ucenm.net
",Honduras,https://web.ucenm.net/
https://web.ucenm.net/produccion-avicola/,Producción Avícola,Universidad Cristiana Evanǵelica Nuevo Milenio,"Contactos:
yavila@ucenm.net
",Honduras,https://web.ucenm.net/
https://web.ucenm.net/produccion-en-television/,Producción En Television,Universidad Cristiana Evanǵelica Nuevo Milenio,"Contactos: mc.reyes@ucenm.net


",Honduras,https://web.ucenm.net/
https://web.ucenm.net/educacion-continua/,Ingles,Universidad Cristiana Evanǵelica Nuevo Milenio,"Contactos: 
jgalvez@ucenm.net
",Honduras,https://web.ucenm.net/
https://web.ucenm.net/educacion-continua/,Seguridad Y Salud Ocupacional,Universidad Cristiana Evanǵelica Nuevo Milenio,"Contactos: jgalvez@ucenm.net

",Honduras,https://web.ucenm.net/
https://web.ucenm.net/educacion-continua/,Formación Docente,Universidad Cristiana Evanǵelica Nuevo Milenio,"Contactos: jgalvez@ucenm.net

",Honduras,https://web.ucenm.net/
https://www.unah.edu.hn/oferta-academica,Licenciatura En Derecho,Universidad Autónoma de Honduras,https://www.unah.edu.hn/oferta-academica,Honduras,https://www.unah.edu.hn/
https://www.unah.edu.hn/oferta-academica,Licenciatura En Antropología,Universidad Autónoma de Honduras,https://www.unah.edu.hn/oferta-academica,Honduras,https://www.unah.edu.hn/
https://www.unah.edu.hn/oferta-academica,Licenciatura En Periodismo,Universidad Autónoma de Honduras,https://www.unah.edu.hn/oferta-academica,Honduras,https://www.unah.edu.hn/
https://www.unah.edu.hn/oferta-academica,Licenciatura En Psicología,Universidad Autónoma de Honduras,https://www.unah.edu.hn/oferta-academica,Honduras,https://www.unah.edu.hn/
https://www.unah.edu.hn/oferta-academica,Licenciatura En Pedagogía,Universidad Autónoma de Honduras,https://www.unah.edu.hn/oferta-academica,Honduras,https://www.unah.edu.hn/
https://www.unah.edu.hn/oferta-academica,Licenciatura En Trabajo Social,Universidad Autónoma de Honduras,https://www.unah.edu.hn/oferta-academica,Honduras,https://www.unah.edu.hn/
https://www.unah.edu.hn/oferta-academica,Licenciatura En Historia,Universidad Autónoma de Honduras,https://www.unah.edu.hn/oferta-academica,Honduras,https://www.unah.edu.hn/
https://www.unah.edu.hn/oferta-academica,Licenciatura En Letras,Universidad Autónoma de Honduras,https://www.unah.edu.hn/oferta-academica,Honduras,https://www.unah.edu.hn/
https://www.unah.edu.hn/oferta-academica,Licenciatura En Filosofía,Universidad Autónoma de Honduras,https://www.unah.edu.hn/oferta-academica,Honduras,https://www.unah.edu.hn/
https://www.unah.edu.hn/oferta-academica,Licenciatura En Sociología,Universidad Autónoma de Honduras,https://www.unah.edu.hn/oferta-academica,Honduras,https://www.unah.edu.hn/
https://www.unah.edu.hn/oferta-academica,Licenciatura En Educación Física,Universidad Autónoma de Honduras,https://www.unah.edu.hn/oferta-academica,Honduras,https://www.unah.edu.hn/
https://www.unah.edu.hn/oferta-academica,Licenciatura En Lenguas Extranjeras Con Orientación En Inglés Y Francés,Universidad Autónoma de Honduras,https://www.unah.edu.hn/oferta-academica,Honduras,https://www.unah.edu.hn/
https://www.unah.edu.hn/oferta-academica,Licenciatura En Musica,Universidad Autónoma de Honduras,https://www.unah.edu.hn/oferta-academica,Honduras,https://www.unah.edu.hn/
https://www.unah.edu.hn/oferta-academica,Licenciatura En Desarrollo Local,Universidad Autónoma de Honduras,https://www.unah.edu.hn/oferta-academica,Honduras,https://www.unah.edu.hn/
https://www.unah.edu.hn/oferta-academica,Ingeniería Civil,Universidad Autónoma de Honduras,https://www.unah.edu.hn/oferta-academica,Honduras,https://www.unah.edu.hn/
https://www.unah.edu.hn/oferta-academica,Ingeniería Mecánica Industrial,Universidad Autónoma de Honduras,https://www.unah.edu.hn/oferta-academica,Honduras,https://www.unah.edu.hn/
https://www.unah.edu.hn/oferta-academica,Ingeniería Eléctrica Industrial ,Universidad Autónoma de Honduras,https://www.unah.edu.hn/oferta-academica,Honduras,https://www.unah.edu.hn/
https://www.unah.edu.hn/oferta-academica,Ingeniería Industrial ,Universidad Autónoma de Honduras,https://www.unah.edu.hn/oferta-academica,Honduras,https://www.unah.edu.hn/
https://www.unah.edu.hn/oferta-academica,Ingeniería En Sistemas ,Universidad Autónoma de Honduras,https://www.unah.edu.hn/oferta-academica,Honduras,https://www.unah.edu.hn/
https://www.unah.edu.hn/oferta-academica,Arquitectura ,Universidad Autónoma de Honduras,https://www.unah.edu.hn/oferta-academica,Honduras,https://www.unah.edu.hn/
https://www.unah.edu.hn/oferta-academica,Licenciatura En Matemáticas ,Universidad Autónoma de Honduras,https://www.unah.edu.hn/oferta-academica,Honduras,https://www.unah.edu.hn/
https://www.unah.edu.hn/oferta-academica,Licenciatura En Física ,Universidad Autónoma de Honduras,https://www.unah.edu.hn/oferta-academica,Honduras,https://www.unah.edu.hn/
https://www.unah.edu.hn/oferta-academica,Licenciatura En Astronomía  Y Astrofísica ,Universidad Autónoma de Honduras,https://www.unah.edu.hn/oferta-academica,Honduras,https://www.unah.edu.hn/
https://www.unah.edu.hn/oferta-academica,Licenciatura En Ciencia Y Tecnologías De La Información Geográfica ,Universidad Autónoma de Honduras,https://www.unah.edu.hn/oferta-academica,Honduras,https://www.unah.edu.hn/
https://www.unah.edu.hn/oferta-academica,Medicina,Universidad Autónoma de Honduras,https://www.unah.edu.hn/oferta-academica,Honduras,https://www.unah.edu.hn/
https://www.unah.edu.hn/oferta-academica,Odontología ,Universidad Autónoma de Honduras,https://www.unah.edu.hn/oferta-academica,Honduras,https://www.unah.edu.hn/
https://www.unah.edu.hn/oferta-academica,Licenciatura En Nutrición ,Universidad Autónoma de Honduras,https://www.unah.edu.hn/oferta-academica,Honduras,https://www.unah.edu.hn/
https://www.unah.edu.hn/oferta-academica,Química Y Farmacia ,Universidad Autónoma de Honduras,https://www.unah.edu.hn/oferta-academica,Honduras,https://www.unah.edu.hn/
https://www.unah.edu.hn/oferta-academica,Enfermería ,Universidad Autónoma de Honduras,https://www.unah.edu.hn/oferta-academica,Honduras,https://www.unah.edu.hn/
https://www.unah.edu.hn/oferta-academica,Microbiología ,Universidad Autónoma de Honduras,https://www.unah.edu.hn/oferta-academica,Honduras,https://www.unah.edu.hn/
https://www.unah.edu.hn/oferta-academica,Licenciatura En Biología ,Universidad Autónoma de Honduras,https://www.unah.edu.hn/oferta-academica,Honduras,https://www.unah.edu.hn/
https://www.unah.edu.hn/oferta-academica,Licenciatura En Fonoaudiología ,Universidad Autónoma de Honduras,https://www.unah.edu.hn/oferta-academica,Honduras,https://www.unah.edu.hn/
https://www.unah.edu.hn/oferta-academica,Licenciatura En Administración Y Generación De Empresas,Universidad Autónoma de Honduras,https://www.unah.edu.hn/oferta-academica,Honduras,https://www.unah.edu.hn/
https://www.unah.edu.hn/oferta-academica,Licenciatura En Administración Pública ,Universidad Autónoma de Honduras,https://www.unah.edu.hn/oferta-academica,Honduras,https://www.unah.edu.hn/
https://www.unah.edu.hn/oferta-academica,Licenciatura En Economía ,Universidad Autónoma de Honduras,https://www.unah.edu.hn/oferta-academica,Honduras,https://www.unah.edu.hn/
https://www.unah.edu.hn/oferta-academica,Licenciatura En Contaduría Pública Y Finanzas ,Universidad Autónoma de Honduras,https://www.unah.edu.hn/oferta-academica,Honduras,https://www.unah.edu.hn/
https://www.unah.edu.hn/oferta-academica,Licenciatura En Administración Aduanera ,Universidad Autónoma de Honduras,https://www.unah.edu.hn/oferta-academica,Honduras,https://www.unah.edu.hn/
https://www.unah.edu.hn/oferta-academica,Licenciatura En Administración De Banca Y Finanzas ,Universidad Autónoma de Honduras,https://www.unah.edu.hn/oferta-academica,Honduras,https://www.unah.edu.hn/
https://www.unah.edu.hn/oferta-academica,Licenciatura En Comercio Internacional ,Universidad Autónoma de Honduras,https://www.unah.edu.hn/oferta-academica,Honduras,https://www.unah.edu.hn/
https://www.unah.edu.hn/oferta-academica,Licenciatura En Informatica Administrativa ,Universidad Autónoma de Honduras,https://www.unah.edu.hn/oferta-academica,Honduras,https://www.unah.edu.hn/
https://www.unah.edu.hn/oferta-academica,Licenciatura En Mercadotecnia,Universidad Autónoma de Honduras,https://www.unah.edu.hn/oferta-academica,Honduras,https://www.unah.edu.hn/
https://www.unah.edu.hn/oferta-academica,Ingeniería Agronómica ,Universidad Autónoma de Honduras,https://www.unah.edu.hn/oferta-academica,Honduras,https://www.unah.edu.hn/
https://www.unah.edu.hn/oferta-academica,Ingeniería Forestal ,Universidad Autónoma de Honduras,https://www.unah.edu.hn/oferta-academica,Honduras,https://www.unah.edu.hn/
https://www.unah.edu.hn/oferta-academica,Ingeniería Agroindustrial,Universidad Autónoma de Honduras,https://www.unah.edu.hn/oferta-academica,Honduras,https://www.unah.edu.hn/
https://www.unah.edu.hn/oferta-academica,Ingeniería En Ciencias Acuicolas Y Recursos Marinos Costeros,Universidad Autónoma de Honduras,https://www.unah.edu.hn/oferta-academica,Honduras,https://www.unah.edu.hn/
https://www.unah.edu.hn/oferta-academica,Licenciatura En Economía Agricola ,Universidad Autónoma de Honduras,https://www.unah.edu.hn/oferta-academica,Honduras,https://www.unah.edu.hn/
https://www.unah.edu.hn/oferta-academica,Licenciatura En Ecoturismo,Universidad Autónoma de Honduras,https://www.unah.edu.hn/oferta-academica,Honduras,https://www.unah.edu.hn/
https://www.unah.edu.hn/oferta-academica,Licenciatura En Comercio Internacional Con Orientación En Agroindustria ,Universidad Autónoma de Honduras,https://www.unah.edu.hn/oferta-academica,Honduras,https://www.unah.edu.hn/
https://www.unah.edu.hn/oferta-academica,Técnico Universitario En Educación Básica Para La Enseñanza Del Español,Universidad Autónoma de Honduras,https://www.unah.edu.hn/oferta-academica,Honduras,https://www.unah.edu.hn/
https://www.unah.edu.hn/oferta-academica,Técnico Universitario Metalurgia ,Universidad Autónoma de Honduras,https://www.unah.edu.hn/oferta-academica,Honduras,https://www.unah.edu.hn/
https://www.unah.edu.hn/oferta-academica,Técnico Universitario En Producción Agrícola ,Universidad Autónoma de Honduras,https://www.unah.edu.hn/oferta-academica,Honduras,https://www.unah.edu.hn/
https://www.unah.edu.hn/oferta-academica,Técnico Universitario En Terapia Funcional ,Universidad Autónoma de Honduras,https://www.unah.edu.hn/oferta-academica,Honduras,https://www.unah.edu.hn/
https://www.unah.edu.hn/oferta-academica,Técnico Universitario En Radiotecnologías (Radiología E Imágenes),Universidad Autónoma de Honduras,https://www.unah.edu.hn/oferta-academica,Honduras,https://www.unah.edu.hn/
https://www.unah.edu.hn/oferta-academica,Técnico Universitario En Microfinanzas ,Universidad Autónoma de Honduras,https://www.unah.edu.hn/oferta-academica,Honduras,https://www.unah.edu.hn/
https://www.unah.edu.hn/oferta-academica,Técnico Universitario En Alimentos Y Bebidas ,Universidad Autónoma de Honduras,https://www.unah.edu.hn/oferta-academica,Honduras,https://www.unah.edu.hn/
https://www.unah.edu.hn/oferta-academica,Técnico Universitario En Calidad Del Café,Universidad Autónoma de Honduras,https://www.unah.edu.hn/oferta-academica,Honduras,https://www.unah.edu.hn/
https://www.unah.edu.hn/oferta-academica,Técnico Universitario En Administración De Empresas Cafetaleras ,Universidad Autónoma de Honduras,https://www.unah.edu.hn/oferta-academica,Honduras,https://www.unah.edu.hn/
https://www.unah.edu.hn/oferta-academica,Técnico Universitario En Sistemas De Información Geografía Con Énfasis En Catastro ,Universidad Autónoma de Honduras,https://www.unah.edu.hn/oferta-academica,Honduras,https://www.unah.edu.hn/
https://www.unah.edu.hn/oferta-academica,Técnico Universitario En Desarrollo Municipal ,Universidad Autónoma de Honduras,https://www.unah.edu.hn/oferta-academica,Honduras,https://www.unah.edu.hn/
https://www.unah.edu.hn/oferta-academica,Licenciatura En Administración De Empresas Agropecuarias ,Universidad Autónoma de Honduras,https://www.unah.edu.hn/oferta-academica,Honduras,https://www.unah.edu.hn/
https://www.unah.edu.hn/oferta-academica,Licenciatura En Pedagogía ,Universidad Autónoma de Honduras,https://www.unah.edu.hn/oferta-academica,Honduras,https://www.unah.edu.hn/
https://www.unah.edu.hn/oferta-academica,Licenciatura En Pedagogía ,Universidad Autónoma de Honduras,https://www.unah.edu.hn/oferta-academica,Honduras,https://www.unah.edu.hn/
https://www.unah.edu.hn/oferta-academica,Técnico Universitario En Microfinanzas ,Universidad Autónoma de Honduras,https://www.unah.edu.hn/oferta-academica,Honduras,https://www.unah.edu.hn/
https://www.unah.edu.hn/oferta-academica,Licenciatura En Ecoturismo ,Universidad Autónoma de Honduras,https://www.unah.edu.hn/oferta-academica,Honduras,https://www.unah.edu.hn/
https://www.unah.edu.hn/oferta-academica,Maestría En Forestería Comunitaria,Universidad Autónoma de Honduras,https://www.unah.edu.hn/oferta-academica,Honduras,https://www.unah.edu.hn/
https://www.unah.edu.hn/oferta-academica,Maestría En Gestión Del Riesgo Y Manejo De Desastres ,Universidad Autónoma de Honduras,https://www.unah.edu.hn/oferta-academica,Honduras,https://www.unah.edu.hn/
https://www.unah.edu.hn/oferta-academica,Maestría En Matemática Con Orientación En Ingeniería Matemática Y Estadística Matemática,Universidad Autónoma de Honduras,https://www.unah.edu.hn/oferta-academica,Honduras,https://www.unah.edu.hn/
https://www.unah.edu.hn/oferta-academica,Maestría En Recursos Hídricos Co Orientación En Hidrogeología,Universidad Autónoma de Honduras,https://www.unah.edu.hn/oferta-academica,Honduras,https://www.unah.edu.hn/
https://www.unah.edu.hn/oferta-academica,Maestría En Enfermedades Infecciosas Y Zoonóticas,Universidad Autónoma de Honduras,https://www.unah.edu.hn/oferta-academica,Honduras,https://www.unah.edu.hn/
https://www.unah.edu.hn/oferta-academica,Maestría En Física ,Universidad Autónoma de Honduras,https://www.unah.edu.hn/oferta-academica,Honduras,https://www.unah.edu.hn/
https://www.unah.edu.hn/oferta-academica,Maestría En Ordenamiento Y Gestión Del Territorio ,Universidad Autónoma de Honduras,https://www.unah.edu.hn/oferta-academica,Honduras,https://www.unah.edu.hn/
https://www.unah.edu.hn/oferta-academica,Maestría En Derecho Marítimo Y Gestión Portuaria,Universidad Autónoma de Honduras,https://www.unah.edu.hn/oferta-academica,Honduras,https://www.unah.edu.hn/
https://www.unah.edu.hn/oferta-academica,Maestría En Derecho Mercantil,Universidad Autónoma de Honduras,https://www.unah.edu.hn/oferta-academica,Honduras,https://www.unah.edu.hn/
https://www.unah.edu.hn/oferta-academica,Maestría En Derechos Humanos Y Desarrollo,Universidad Autónoma de Honduras,https://www.unah.edu.hn/oferta-academica,Honduras,https://www.unah.edu.hn/
https://www.unah.edu.hn/oferta-academica,Maestría En Ciencia Política Y Gestión Estatal,Universidad Autónoma de Honduras,https://www.unah.edu.hn/oferta-academica,Honduras,https://www.unah.edu.hn/
https://www.unah.edu.hn/oferta-academica,Maestría En Derecho Constitucional,Universidad Autónoma de Honduras,https://www.unah.edu.hn/oferta-academica,Honduras,https://www.unah.edu.hn/
https://www.unah.edu.hn/oferta-academica,Maestría En Derecho Penal Y Procesal Penal,Universidad Autónoma de Honduras,https://www.unah.edu.hn/oferta-academica,Honduras,https://www.unah.edu.hn/
https://www.unah.edu.hn/oferta-academica,Maestría En Farmacia Clínica,Universidad Autónoma de Honduras,https://www.unah.edu.hn/oferta-academica,Honduras,https://www.unah.edu.hn/
https://www.unah.edu.hn/oferta-academica,Maestría En Tecnología Y Control De Medicamentos ,Universidad Autónoma de Honduras,https://www.unah.edu.hn/oferta-academica,Honduras,https://www.unah.edu.hn/
https://www.unah.edu.hn/oferta-academica,Maestría En Demografía Y Desarrollo,Universidad Autónoma de Honduras,https://www.unah.edu.hn/oferta-academica,Honduras,https://www.unah.edu.hn/
https://www.unah.edu.hn/oferta-academica,Maestría En Estado Y Políticas Públicas,Universidad Autónoma de Honduras,https://www.unah.edu.hn/oferta-academica,Honduras,https://www.unah.edu.hn/
https://www.unah.edu.hn/oferta-academica,Maestría En Psicología Industrial Y Organizacional,Universidad Autónoma de Honduras,https://www.unah.edu.hn/oferta-academica,Honduras,https://www.unah.edu.hn/
https://www.unah.edu.hn/oferta-academica,Maestría En Administración De Empresas Con Orientación A Finanzas Y Rrhh,Universidad Autónoma de Honduras,https://www.unah.edu.hn/oferta-academica,Honduras,https://www.unah.edu.hn/
https://www.unah.edu.hn/oferta-academica,Maestría En Gestión Informática ,Universidad Autónoma de Honduras,https://www.unah.edu.hn/oferta-academica,Honduras,https://www.unah.edu.hn/
https://www.unah.edu.hn/oferta-academica,Maestría En Gestión De Telecomunicaciones ,Universidad Autónoma de Honduras,https://www.unah.edu.hn/oferta-academica,Honduras,https://www.unah.edu.hn/
https://www.unah.edu.hn/oferta-academica,Maestría En Mercadotecnia Con Énfasis En Negocios Internacionales,Universidad Autónoma de Honduras,https://www.unah.edu.hn/oferta-academica,Honduras,https://www.unah.edu.hn/
https://www.unah.edu.hn/oferta-academica,Maestría En Dirección De Negocios Internacionales,Universidad Autónoma de Honduras,https://www.unah.edu.hn/oferta-academica,Honduras,https://www.unah.edu.hn/
https://www.unah.edu.hn/oferta-academica,Maestría En Didáctica De Lenguas Y Culturas  ,Universidad Autónoma de Honduras,https://www.unah.edu.hn/oferta-academica,Honduras,https://www.unah.edu.hn/
https://www.unah.edu.hn/oferta-academica,Técnico  Universitario En Lengua De Señas,Universidad Autónoma de Honduras,https://www.unah.edu.hn/oferta-academica,Honduras,https://www.unah.edu.hn/
https://www.unah.edu.hn/oferta-academica,Ingeniería Química,Universidad Autónoma de Honduras,https://www.unah.edu.hn/oferta-academica,Honduras,https://www.unah.edu.hn/
https://www.unah.edu.hn/oferta-academica,Licenciatura En Geología,Universidad Autónoma de Honduras,https://www.unah.edu.hn/oferta-academica,Honduras,https://www.unah.edu.hn/
https://www.unah.edu.hn/oferta-academica,Técnico Universitario En Tecnología De Alimentos,Universidad Autónoma de Honduras,https://www.unah.edu.hn/oferta-academica,Honduras,https://www.unah.edu.hn/
https://www.unah.edu.hn/oferta-academica,Licenciatura En Química Industrial,Universidad Autónoma de Honduras,https://www.unah.edu.hn/oferta-academica,Honduras,https://www.unah.edu.hn/
https://www.unah.edu.hn/oferta-academica,Técnico Universitario En Agroexportación,Universidad Autónoma de Honduras,https://www.unah.edu.hn/oferta-academica,Honduras,https://www.unah.edu.hn/
https://www.unah.edu.hn/oferta-academica,Técnico Universitario En Operaciones De Vuelo,Universidad Autónoma de Honduras,https://www.unah.edu.hn/oferta-academica,Honduras,https://www.unah.edu.hn/
https://www.unah.edu.hn/oferta-academica,Licenciatura En Operaciones Aeronáuticas,Universidad Autónoma de Honduras,https://www.unah.edu.hn/oferta-academica,Honduras,https://www.unah.edu.hn/
https://www.unah.edu.hn/oferta-academica,Técnico Universitario En Meteorología,Universidad Autónoma de Honduras,https://www.unah.edu.hn/oferta-academica,Honduras,https://www.unah.edu.hn/
https://www.unah.edu.hn/oferta-academica,Técnico Universitario En Administración De Empresas Cafetaleras ,Universidad Autónoma de Honduras,https://www.unah.edu.hn/oferta-academica,Honduras,https://www.unah.edu.hn/
https://www.unah.edu.hn/oferta-academica,Tecnico Universitario En Maquinas Y Herramientas De Control Numerico,Universidad Autónoma de Honduras,https://www.unah.edu.hn/oferta-academica,Honduras,https://www.unah.edu.hn/
https://www.unicah.edu//educacion/grados/ambiental/,Ambiental,Universidad Católica de Honduras,https://www.unicah.edu//educacion/grados/ambiental/,Honduras,https://www.unicah.edu/
https://www.unicah.edu//educacion/grados/aquitectura/,Aquitectura,Universidad Católica de Honduras,https://www.unicah.edu//educacion/grados/aquitectura/,Honduras,https://www.unicah.edu/
https://www.unicah.edu//educacion/grados/ciencias-de-la-computacion/,Ciencias-De-La-Computacion,Universidad Católica de Honduras,https://www.unicah.edu//educacion/grados/ciencias-de-la-computacion/,Honduras,https://www.unicah.edu/
https://www.unicah.edu//educacion/grados/civil/,Civil,Universidad Católica de Honduras,https://www.unicah.edu//educacion/grados/civil/,Honduras,https://www.unicah.edu/
https://www.unicah.edu//educacion/grados/ciencias-de-la-comunicacion/,Ciencias-De-La-Comunicacion,Universidad Católica de Honduras,https://www.unicah.edu//educacion/grados/ciencias-de-la-comunicacion/,Honduras,https://www.unicah.edu/
https://www.unicah.edu//educacion/grados/cirugia-dental/,Cirugia-Dental,Universidad Católica de Honduras,https://www.unicah.edu//educacion/grados/cirugia-dental/,Honduras,https://www.unicah.edu/
https://www.unicah.edu//educacion/grados/derecho/,Derecho,Universidad Católica de Honduras,https://www.unicah.edu//educacion/grados/derecho/,Honduras,https://www.unicah.edu/
https://www.unicah.edu//educacion/grados/enfermeria/,Enfermeria,Universidad Católica de Honduras,https://www.unicah.edu//educacion/grados/enfermeria/,Honduras,https://www.unicah.edu/
https://www.unicah.edu//educacion/grados/finanzas/,Finanzas,Universidad Católica de Honduras,https://www.unicah.edu//educacion/grados/finanzas/,Honduras,https://www.unicah.edu/
https://www.unicah.edu//educacion/grados/gestion-estrategica-de-empresas/,Gestion-Estrategica-De-Empresas,Universidad Católica de Honduras,https://www.unicah.edu//educacion/grados/gestion-estrategica-de-empresas/,Honduras,https://www.unicah.edu/
https://www.unicah.edu//educacion/grados/ingenieria-industrial/,Ingenieria-Industrial,Universidad Católica de Honduras,https://www.unicah.edu//educacion/grados/ingenieria-industrial/,Honduras,https://www.unicah.edu/
https://www.unicah.edu//educacion/grados/medicina/,Medicina,Universidad Católica de Honduras,https://www.unicah.edu//educacion/grados/medicina/,Honduras,https://www.unicah.edu/
https://www.unicah.edu//educacion/grados/mercadotecnia/,Mercadotecnia,Universidad Católica de Honduras,https://www.unicah.edu//educacion/grados/mercadotecnia/,Honduras,https://www.unicah.edu/
https://www.unicah.edu//educacion/grados/psicologia/,Psicologia,Universidad Católica de Honduras,https://www.unicah.edu//educacion/grados/psicologia/,Honduras,https://www.unicah.edu/
https://www.unicah.edu//educacion/grados/relaciones-internacionales/,Relaciones-Internacionales,Universidad Católica de Honduras,https://www.unicah.edu//educacion/grados/relaciones-internacionales/,Honduras,https://www.unicah.edu/
https://www.unicah.edu//educacion/grados/teologia/,Teologia,Universidad Católica de Honduras,https://www.unicah.edu//educacion/grados/teologia/,Honduras,https://www.unicah.edu/
https://www.unicah.edu//educacion/maestrias/gestion-de-proyectos/,Gestion-De-Proyectos,Universidad Católica de Honduras,https://www.unicah.edu//educacion/maestrias/gestion-de-proyectos/,Honduras,https://www.unicah.edu/
https://www.unicah.edu//educacion/maestrias/maestria-en-derecho/,Maestria-En-Derecho,Universidad Católica de Honduras,https://www.unicah.edu//educacion/maestrias/maestria-en-derecho/,Honduras,https://www.unicah.edu/
https://www.unicah.edu//educacion/maestrias/maestria-en-relaciones-internacionales/,Maestria-En-Relaciones-Internacionales,Universidad Católica de Honduras,https://www.unicah.edu//educacion/maestrias/maestria-en-relaciones-internacionales/,Honduras,https://www.unicah.edu/
https://www.unicah.edu//educacion/maestrias/maestria-en-ciencias-religiosas/,Maestria-En-Ciencias-Religiosas,Universidad Católica de Honduras,https://www.unicah.edu//educacion/maestrias/maestria-en-ciencias-religiosas/,Honduras,https://www.unicah.edu/
https://www.unicah.edu//educacion/maestrias/maestria-en-teologia-espiritual/,Maestria-En-Teologia-Espiritual,Universidad Católica de Honduras,https://www.unicah.edu//educacion/maestrias/maestria-en-teologia-espiritual/,Honduras,https://www.unicah.edu/
https://www.unicah.edu//educacion/maestrias/maestria-en-gestion-de-la-calidad/,Maestria-En-Gestion-De-La-Calidad,Universidad Católica de Honduras,https://www.unicah.edu//educacion/maestrias/maestria-en-gestion-de-la-calidad/,Honduras,https://www.unicah.edu/
https://www.unicah.edu//educacion/maestrias/maestria-en-administracion-de-empresas/,Maestria-En-Administracion-De-Empresas,Universidad Católica de Honduras,https://www.unicah.edu//educacion/maestrias/maestria-en-administracion-de-empresas/,Honduras,https://www.unicah.edu/
https://www.unicah.edu//educacion/maestrias/maestria-en-economia-y-finanzas/,Maestria-En-Economia-Y-Finanzas,Universidad Católica de Honduras,https://www.unicah.edu//educacion/maestrias/maestria-en-economia-y-finanzas/,Honduras,https://www.unicah.edu/
https://www.unicah.edu//educacion/maestrias/maestria-de-administracion-de-organizaciones-de-micro-financieras/,Maestria-De-Administracion-De-Organizaciones-De-Micro-Financieras,Universidad Católica de Honduras,https://www.unicah.edu//educacion/maestrias/maestria-de-administracion-de-organizaciones-de-micro-financieras/,Honduras,https://www.unicah.edu/
https://www.unicah.edu//educacion/maestrias/maestria-en-gestion-de-negocios/,Maestria-En-Gestion-De-Negocios,Universidad Católica de Honduras,https://www.unicah.edu//educacion/maestrias/maestria-en-gestion-de-negocios/,Honduras,https://www.unicah.edu/
https://www.unicah.edu//educacion/maestrias/maestria-en-gerencia-en-servicios-de-salud/,Maestria-En-Gerencia-En-Servicios-De-Salud,Universidad Católica de Honduras,https://www.unicah.edu//educacion/maestrias/maestria-en-gerencia-en-servicios-de-salud/,Honduras,https://www.unicah.edu/
https://www.unicah.edu//educacion/maestrias/maestria-en-psicologia/,Maestria-En-Psicologia,Universidad Católica de Honduras,https://www.unicah.edu//educacion/maestrias/maestria-en-psicologia/,Honduras,https://www.unicah.edu/
https://www.unicah.edu//educacion/maestrias/especialidad-en-endodoncia/,Especialidad-En-Endodoncia,Universidad Católica de Honduras,https://www.unicah.edu//educacion/maestrias/especialidad-en-endodoncia/,Honduras,https://www.unicah.edu/
https://www.unicah.edu//educacion/maestrias/especialidad-en-periodoncia/,Especialidad-En-Periodoncia,Universidad Católica de Honduras,https://www.unicah.edu//educacion/maestrias/especialidad-en-periodoncia/,Honduras,https://www.unicah.edu/
https://www.unicah.edu//educacion/maestrias/especialidad-en-ortodoncia/,Especialidad-En-Ortodoncia,Universidad Católica de Honduras,https://www.unicah.edu//educacion/maestrias/especialidad-en-ortodoncia/,Honduras,https://www.unicah.edu/
https://www.unicah.edu/educacion/doctorados/doctorado-en-teologia-biblica-espiritual/,"Teología Bíblica Espiritual
",Universidad Católica de Honduras,https://www.unicah.edu/educacion/doctorados/doctorado-en-teologia-biblica-espiritual/,Honduras,https://www.unicah.edu/
https://www.unicah.edu/educacion/doctorados/doctorado-en-ciencias-administrativas/,Ciencias Administrativas,Universidad Católica de Honduras,https://www.unicah.edu/educacion/doctorados/doctorado-en-ciencias-administrativas/,Honduras,https://www.unicah.edu/
